"taxon","comparison","lfc","q"
"GTAGTCCACGCCGTAAACGATGAGTACTAGCTGTCGGAGGTTACCCCCTTCGGTGGCGCAGCTAACGCATTAAGTACTCCGCCTGGGAAGTACGCTCGCAAGAGTGAAACTCAAAGGAATTGACGGGGACCCGCACAAGTAGCGGAGCATGTGGTTTAATTCGAAGCAACGCGAAGAACCTTACCTAAGCTTGACATCCTTTTGACCGATGCCTAATCGCATCTTTCCCTTCGGGGACAGAAGTGACAGGTGGTGCATGGTTGTCGTCAGCTCGTGTCGTGAGATGTTGGGTTAAGTCCCG","(Intercept)",-1.63107707769965,9.49669532185074e-14
"GTAGTCCACGCCGTAAACGATGAGTGCTAAGTGTTAGAGGGTTTCCGCCCTTTAGTGCTGAAGTTAACGCATTAAGCACTCCGCCTGGGGAGTACGGCCGCAAGGCTGAAACTCAAAGGAATTGACGGGGGCCCGCACAAGCGGTGGAGCATGTGGTTTAATTCGAAGCAACGCGAAGAACCTTACCAGGTCTTGACATCCTCTGAAAACCCTAGAGATAGGGCTTCTCCTTCGGGAGCAGAGTGACAGGTGGTGCATGGTTGTCGTCAGCTCGTGTCGTGAGATGTTGGGTTAAGTCCCG","(Intercept)",-1.29651841571391,2.98553216610674e-10
"GTAGTCCACGCCGTAAACGATGAGTGCTAAGTGTTGGGGGTCGAACCTCAGTGCTGAAGTTAACGCATTAAGCACTCCGCCTGGGGAGTACGGTCGCAAGACTGAAACTCAAAGGAATTGACGGGGACCCGCACAAGCGGTGGAGCATGTGGTTTAATTCGAAGCAACGCGAAGAACCTTACCAGGTCTTGACATACCGTTGACCGTCCTAGAGATAGGATTTTCCCTTCGGGGACAATGGATACAGGTGGTGCATGGTTGTCGTCAGCTCGTGTCGTGAGATGTTGGGTTAAGTCCCG","(Intercept)",-1.41339730642092,3.41663223603841e-10
"GTAGTCCATGCCGTAAACGTTGGGCGCTAGGTGTGGGGTCCATTCCACGGATTCCGTGCCGCAGCTAACGCATTAAGCGCCCCGCCTGGGGAGTACGGCCGCAAGGCTAAAACTCAAAGGAATTGACGGGGGCCCGCACAAGCGGCGGAGCATGCGGATTAATTCGATGCAACGCGAAGAACCTTACCAAGGCTTGACATGCGCGGTGGAATCCCAGAGATGGGGTGTCATTTAGTTGGTCGCGTACAGGTGGTGCATGGTTGTCGTCAGCTCGTGTCGTGAGATGTTGGGTTAAGTCCCG","SiteC",2.08963942788754,1.03549023999045e-09
"GTAGTCCACGCCCTAAACGATGAATACTCGATGTTAGCGATATACTGTTAGCGTCCAAGCGAAAGCGTTAAGTATTCCACCTGGGGAGTACGCCCGCAAGGGTGAAACTCAAAGGAATTGACGGGGGCCCGCACAAGCGGAGGAGCATGTGGTTTAATTCGATGATACGCGAGGAACCTTACCCGGGCTTGAAAGTTAGTGAATGATCCAGAGACGGATCAGTCCTTCGGGACACGAAACTAGGTGCTGCATGGCTGTCGTCAGCTCGTGCCGTGAGGTGTTGGGTTAAGTCCCG","SiteB",-2.29615927567802,1.86155496836804e-09
"GTAGTCCACGCCGTAAACGATGAGTGCTAAGTGTTAGAGGGTTTCCGCCCTTTAGTGCTGAAGTTAACGCATTAAGCACTCCGCCTGGGGAGTACGGCCGCAAGGCTGAAACTCAAAGGAATTGACGGGGGCCCGCACAAGCGGTGGAGCATGTGGTTTAATTCGAAGCAACGCGAAGAACCTTACCAGGTCTTGACATCCTCTGAAAACCCTAGAGATAGGGCTTCTCCTTCGGGAGCAGAGTGACAGGTGGTGCATGGTTGTCGTCAGCTCGTGTCGTGAGATGTTGGGTTAAGTCCCG","SiteC",3.48607323031958,2.12471004253255e-09
"GTAGTCCATGCCGTAAACGTTGGGAACTAGGTGTGGGTCTCATTCCACGAGATCCGTGCCGCAGCTAACGCATTAAGTTCCCCGCCTGGGGAGTACGGCCGCAAGGCTAAAACTCAAAGGAATTGACGGGGGCCCGCACAAGCGGCGGAGCATGCGGATTAATTCGATGCAACGCGAAGAACCTTACCAAGGCTTGACATACACCGGAATCACTCAGAGATGGGTGCGTCTTCGGACTGGTGTACAGGTGGTGCATGGTTGTCGTCAGCTCGTGTCGTGAGATGTTGGGTTAAGTCCCG","SiteC",-1.89545552013157,1.190231860475e-07
"GTAGTCCACGCCGTAAACGATGCTAACTCGTTTTTGGGCTTTTAAAGTTCAGAGACTAAGCGAAAGTGATAAGTTAGCCACCTGGGGAGTACGTTCGCAAGAATGAAACTCAAAGGAATTGACGGGGGCCCGCACAAGCGGTGGATTATGTGGTTTAATTCGATGATACGCGAGGAACCTTACCAAGGCTTAAATGGGAATTGATGGGTTTAGAAATAGACCGTCCTTCGGGCAATTTTCAAGGTGCTGCATGGTTGTCGTCAGCTCGTGCCGTGAGGTGTTAGGTTAAGTCCTG","SiteC",2.20891631217761,1.71282343415375e-07
"GTAGTCCACGCCGTAAACGGTGGGCGCTAGGTGTGGGTTTCCTTCCACGGGATCCGTGCCGTAGCTAACGCATTAAGCGCCCCGCCTGGGGAGTACGGCCGCAAGGCTAAAACTCAAAGGAATTGACGGGGGCCCGCACAAGCGGCGGAGCATGTGGATTAATTCGATGCAACGCGAAGAACCTTACCTGGGTTTGACATATACCGGACGACTGCAGAGATGTGGTTTCCCTTGTGGTCGGTATACAGGTGGTGCATGGCTGTCGTCAGCTCGTGTCGTGAGATGTTGGGTTAAGTCCCG","(Intercept)",-1.04801515011826,1.69618961465869e-06
"GTAGTCCACGCCGTAAACGATGAGTACTAGCTGTCGGAGGTTACCCCCTTCGGTGGCGCAGCTAACGCATTAAGTACTCCGCCTGGGAAGTACGCTCGCAAGAGTGAAACTCAAAGGAATTGACGGGGACCCGCACAAGTAGCGGAGCATGTGGTTTAATTCGAAGCAACGCGAAGAACCTTACCTAAGCTTGACATCCTTTTGACCGATGCCTAATCGCATCTTTCCCTTCGGGGACAGAAGTGACAGGTGGTGCATGGTTGTCGTCAGCTCGTGTCGTGAGATGTTGGGTTAAGTCCCG","SiteB",2.53717453170719,1.74070994948198e-06
"GTAGTCCACGCCGTAAACGTTGGGAACTAGGTGTGGGCCTCATTCCACGAGGTCTGTGCCGCAGCTAACGCATTAAGTTCCCCGCCTGGGGAGTACGGCCGCAAGGCTAAAACTCAAAGGAATTGACGGGGGCCCGCACAAGCGGCGGAGCATGTGGATTAATTCGATGCAACGCGAAGAACCTTACCAAGGCTTGACATACACCGGAAACACCCAGAGATGGGTGCCCCGCAAGGTCGGTGTACAGGTGGTGCATGGTTGTCGTCAGCTCGTGTCGTGAGATGTTGGGTTAAGTCCCG","SiteC",-1.69681633962154,2.65471613951576e-06
"GTAGTCCATGCCGTAAACGTTGGGAACTAGGTGTGGGTCTCATTCCACGAGATCCGTGCCGCAGCTAACGCATTAAGTTCCCCGCCTGGGGAGTACGGCCGCAAGGCTAAAACTCAAAGGAATTGACGGGGGCCCGCACAAGCGGCGGAGCATGCGGATTAATTCGATGCAACGCGAAGAACCTTACCAAGGCTTGACATACACCGGAATCACTCAGAGATGGGTGCGTCTTCGGACTGGTGTACAGGTGGTGCATGGTTGTCGTCAGCTCGTGTCGTGAGATGTTGGGTTAAGTCCCG","SiteB",-2.06708780337666,5.17688866103661e-06
"GTAGTCCATGCCGTAAACGTTGGGAACTAGGTGTGGGTCTCATTCCACGAGATCCGTGCCGCAGCTAACGCATTAAGTTCCCCGCCTGGGGAGTACGGCCGCAAGGCTAAAACTCAAAGGAATTGACGGGGGCCCGCACAAGCGGCGGAGCATGCGGATTAATTCGATGCAACGCGAAGAACCTTACCAAGGCTTGACATACACCGGAATCACTCAGAGATGGGTGCGTCTTCGGACTGGTGTACAGGTGGTGCATGGTTGTCGTCAGCTCGTGTCGTGAGATGTTGGGTTAAGTCCCG","(Intercept)",1.23753656849851,8.0204402173834e-06
"GTAGTCCACGCCGTAAACGATGCTAACTCGTTTTTGGGCTTTTAAAGTTCAGAGACTAAGCGAAAGTGATAAGTTAGCCACCTGGGGAGTACGTTCGCAAGAATGAAACTCAAAGGAATTGACGGGGGCCCGCACAAGCGGTGGATTATGTGGTTTAATTCGATGATACGCGAGGAACCTTACCAAGGCTTAAATGGGAATTGATGGGTTTAGAAATAGACCGTCCTTCGGGCAATTTTCAAGGTGCTGCATGGTTGTCGTCAGCTCGTGCCGTGAGGTGTTAGGTTAAGTCCTG","(Intercept)",-0.961510377747392,1.19836715303671e-05
"GTAGTCCATGCCGTAAACGGTGGGCGCTAGGTGTAGGGGACTTCCACGTCTTCTGTGCCGCAGCTAACGCATTAAGCGCCCCGCCTGGGGAGTACGGCCGCAAGGCTAAAACTCAAAGGAATTGACGGGGGCCCGCACAAGCGGCGGAGCATGTGGATTAATTCGATGCAACGCGAAGAACCTTACCTGGGCTTGACATACACCAGATCGCTGCAGAGATGTAGCTTCCCTTGTGGCTGGTGTACAGGTGGTGCATGGTTGTCGTCAGCTCGTGTCGTGAGATGTTGGGTTAAGTCCCG","(Intercept)",-0.945442292339268,1.87221838724288e-05
"GTAGTCCATGCCGTAAACGTTGGGAACTAGATGTAGGGGCCATTCCACGGTTTCTGTGTCGCAGCTAACGCATTAAGTTCCCCGCCTGGGGAGTACGGCCGCAAGGCTAAAACTCAAAGGAATTGACGGGGGCCCGCACAAGCGGCGGAGCATGCGGATTAATTCGATGCAACGCGAAGAACCTTACCAAGGCTTGACATATACCGGAAACGTCCAGAGATGGTCGCCCCGCAAGGTCGGTATACAGGTGGTGCATGGTTGTCGTCAGCTCGTGTCGTGAGATGTTGGGTTAAGTCCCG","(Intercept)",0.947565679832008,2.3217218557949e-05
"GTAGTCCACGCCGTAAACGATGAATGCCAGCTGTTGGGGTGCTTGCACCTCAGTAGCGCAGCTAACGCATTAAGCATTCCGCCTGGGGAGTACGGTCGCAAGATTAAAACTCAAAGGAATTGACGGGGGCCCGCACAAGCGGTGGAGCATGTGGTTTAATTCGAAGCAACGCGCAGAACCTTACCATCCTTTGACATGGCATGTTACCCAGAGAGATTTGGGATCCTCTTCGGAGGCGTGCACACAGGTGCTGCATGGCTGTCGTCAGCTCGTGTCGTGAGATGTTGGGTTAAGTCCCG","SiteC",-1.67614327785439,5.90982075022742e-05
"GTAGTCCATGCCGTAAACGTTGGGCGCTAGGTGTGGGGCTCATTCCACGAGTTCCGTGCCGCAGCTAACGCATTAAGCGCCCCGCCTGGGGAGTACGGCCGCAAGGCTAAAACTCAAAGGAATTGACGGGGGCCCGCACAAGCGGCGGAGCATGCGGATTAATTCGATGCAACGCGAAGAACCTTACCAAGGCTTGACATGGGGTGAAAACTCGCAGAGATGCGGGGTCCGCAAGGGCGCCTCACAGGTGGTGCATGGTTGTCGTCAGCTCGTGTCGTGAGATGTTGGGTTAAGTCCCG","(Intercept)",0.968625962167684,6.20347679213363e-05
"GTAGTCCACGCCGTAAACGATGAATGTTAGCCGTCGGGCAGTATACTGTTCGGTGGCGCAGCTAACGCATTAAACATTCCGCCTGGGGAGTACGGTCGCAAGATTAAAACTCAAAGGAATTGACGGGGGCCCGCACAAGCGGTGGAGCATGTGGTTTAATTCGAAGCAACGCGCAGAACCTTACCAGCTCTTGACATTCGGGGTTTGGGCAGTGGAGACATTGTCCTTCAGTTAGGCTGGCCCCAGAACAGGTGCTGCATGGCTGTCGTCAGCTCGTGTCGTGAGATGTTGGGTTAAGTCCCG","SiteC",1.62914756556331,7.39335598678968e-05
"GTAGTCCACGCCGTAAACGATGTACGCTCGGCATTTGGTGCGGCAACCGCCGCGCTGGGTGCCTCAGCTAACGCGCAAGCGTACCGCCTGGGAACTACGAGCGCAAGCTTAAAACTCAAAGGAATTGACGGGGGCCCGCACAAGCAGCGGAGCGTGTGGTTTAATTCGACGCAACACGCAGAACCTCACCCAGACTTGACATGTGCCTGCAGGCCCGCGAAATCGGGCGGCCTTCGAGGGTGGCACACAGATGCTGCATGGCTGTCGTCAGCTCGTGTCGTGAGATGTTGGGTTAAGTCCCG","SiteB",-1.74653941121354,9.22762771481466e-05
"GTAGTCCATGCCGTAAACGTTGGGCACTAGGTGTGGGGGACATTCCACGTTTTCCGCGCCGTAGCTAACGCATTAAGTGCCCCGCCTGGGGAGTACGGCCGCAAGGCTAAAACTCAAAGGAATTGACGGGGGCCCGCACAAGCGGCGGAGCATGCGGATTAATTCGATGCAACGCGAAGAACCTTACCAAGGCTTGACATGAACCGGAAAGGCCTGGAAACAGGTCCCCCACTTGTGGCCGGTTTACAGGTGGTGCATGGTTGTCGTCAGCTCGTGTCGTGAGATGTTGGGTTAAGTCCCG","(Intercept)",-0.8290972374348,0.00022045094914231
"GTAGTCCACGCCGTAAACGATGATAACTAGCTGTCCGGACACTTGGTGTTTGGGTGGCGCAGCTAACGCATTAAGTTATCCGCCTGGGGAGTACGGCCGCAAGGTTAAAACTCAAATGAATTGACGGGGGCCTGCACAAGCGGTGGAGCATGTGGTTTAATTCGAAGCAACGCGCAGAACCTTACCAGCGTTTGACATGGCAGGACGACTTCCAGAGATGGATTTCTTCCCTTCGGGGACCTGCACACAGGTGCTGCATGGCTGTCGTCAGCTCGTGTCGTGAGATGTTGGGTTAAGTCCCG","SiteC",-1.48685589186833,0.000502122134553454
"GTAGTCCACGCCGTAAACGTTGGGAACTAGATGTGGGGTCCATTCCACGGATTCCGTGTCGCAGCTAACGCATTAAGTTCCCCGCCTGGGGAGTACGGCCGCAAGGCTAAAACTCAAAGGAATTGACGGGGGCCCGCACAAGCGGCGGAGCATGCGGATTAATTCGATGCAACGCGAAGAACCTTACCAAGGCTTGACATGCACCTGAAAAGGCTGGAAACAGTCTCCTCGCAAGACAGGTGCACAGGTGGTGCATGGTTGTCGTCAGCTCGTGTCGTGAGATGTTGGGTTAAGTCCCG","(Intercept)",0.82920777643672,0.000518174136227594
"GTAGTCCACGCCGTAAACGATGAATACTTGGTGTTGGAGGTATTGACCCCTTCAGTGCCGAAGCTAACGCGTTAAGTATTCCGCCTGGGAAGTACGGCCGCAAGGTTAAAACTCAAAGAAATTGACGGGGGCCCGCACAAGCGGTGGAGCATGTGGTTTAATTCGATGCAACGCGCAGAACCTTACCTAGATTTGACATGGACCGGAAGACTGGCAGAAATGTCGTCGCCCGCAAGGGCTGGTTCACAGGTGCTGCATGGCTGTCGTCAGCTCGTGTCGTGAGATGTTGGGTTAAGTCCCG","(Intercept)",0.813274012337485,0.000636930837671939
"GTAGTCCACGCCGTAAACGATGGGTGCTAGGTGTGGGCGGTGTCGACTCCGTCCGTGCCGAAGCTAACGCATTAAGCACCCCGCCTGGGGAGTACGGCCGCAAGGCTAAAACTCAAAGGAATTGACGGGGGCCCGCACAAGCAGCGGAGCATGTGGTTCAATTCGACGCAACGCGAAGAACCTTACCTAGGCTTGACATGCACTGGAATTGCATAGAAATATGTAAGCCCTTCGGGGCTAGTGCACAGGTGGTGCATGGCTGTCGTCAGCTCGTGTCGTGAGATGTTGGGTTAAGTCCCG","SiteC",-1.38909354536674,0.000647218360970087
"GTAGTCCACACCGTAAACGTTGGGCGCTAGGTGTGGGACTCATTCCACGAGTTCCGTGCCGCAGCTAACGCATTAAGCGCCCCGCCTGGGGAGTACGGCCGCAAGGCTAAAACTCAAAGGAATTGACGGGGGCCCGCACAAGCGGCGGAGCATGCGGATTAATTCGATGCAACGCGAAGAACCTTACCTAGGTTTGACATATACGAGAAGCCTCTGGAGACAGAGGTCTCTTTGGACACTTGTATACAGGTGGTGCATGGCTGTCGTCAGCTCGTGTCGTGAGATGTTGGGTTAAGTCCCG","SiteC",-1.30695851240928,0.000696290440772406
"GTAGTCCACGCCGTAAACGATGGGTGCTAGGTGTGGGCGGTGTCGACTCCGTCCGTGCCGAAGCTAACGCATTAAGCACCCCGCCTGGGGAGTACGGCCGCAAGGCTAAAACTCAAAGGAATTGACGGGGGCCCGCACAAGCAGCGGAGCATGTGGTTCAATTCGACGCAACGCGAAGAACCTTACCTAGGCTTGACATGCACTGGAATTGCATAGAAATATGTAAGCCCTTCGGGGCTAGTGCACAGGTGGTGCATGGCTGTCGTCAGCTCGTGTCGTGAGATGTTGGGTTAAGTCCCG","SiteB",-1.68124899199872,0.000704492062939367
"GTAGTCCACGCCGTAAACGATGAATGCCAGCCGTTGGGTGATTTATCACTGAGTGGCGCAGCTAACGCTTTGAGCATTCCGCCTGGGGAGTACGGTCGCAAGATTAAAACTCAAAGGAATTGACGGGGGCCCGCACAAGCGGTGGAGCATGTGGTTTAATTCGAAGCAACGCGCAGAACCTTACCAGCCTTTGACATGGCGGGACGGGCGAGAGAGATTTCGTCCTTCACTTCGGTGACCCGCGCACAGGTGCTGCATGGCTGTCGTCAGCTCGTGTCGTGAGATGTTGGGTTAAGTCCCG","SiteB",-1.55430011907178,0.000765433496961726
"GTAGTCCACGCCGTAAACGATGAGTGCTAAGTGTTGGGGGTCGAACCTCAGTGCTGAAGTTAACGCATTAAGCACTCCGCCTGGGGAGTACGGTCGCAAGACTGAAACTCAAAGGAATTGACGGGGACCCGCACAAGCGGTGGAGCATGTGGTTTAATTCGAAGCAACGCGAAGAACCTTACCAGGTCTTGACATACCGTTGACCGTCCTAGAGATAGGATTTTCCCTTCGGGGACAATGGATACAGGTGGTGCATGGTTGTCGTCAGCTCGTGTCGTGAGATGTTGGGTTAAGTCCCG","SiteB",1.7069365547253,0.00102209347569911
"GTAGTCCATGCCGTAAACGTTGGGCACTAGGTGTGGGGGACATTCCACGTTTTCCGCGCCGTAGCTAACGCATTAAGTGCCCCGCCTGGGGAGTACGGCCGCAAGGCTAAAACTCAAAGGAATTGACGGGGGCCCGCACAAGCGGCGGAGCATGCGGATTAATTCGATGCAACGCGAAGAACCTTACCAAGGCTTGACATACACCAGACCGGCCCAGAGATGGGTTTTCCTCTTTGAGGTTGGTGTACAGGTGGTGCATGGTTGTCGTCAGCTCGTGTCGTGAGATGTTGGGTTAAGTCCCG","(Intercept)",-0.704017163912533,0.00121102315207627
"GTAGTCCATGCCGTAAACGTTGGGCGCTAGGTGTGGGGCTCATTCCACGAGTTCCGTGCCGCAGCTAACGCATTAAGCGCCCCGCCTGGGGAGTACGGCCGCAAGGCTAAAACTCAAAGGAATTGACGGGGGCCCGCACAAGCGGCGGAGCATGCGGATTAATTCGATGCAACGCGAAGAACCTTACCAAGGCTTGACATGGGGTGAAAACTCGCAGAGATGCGGGGTCCGCAAGGGCGCCTCACAGGTGGTGCATGGTTGTCGTCAGCTCGTGTCGTGAGATGTTGGGTTAAGTCCCG","SiteB",-1.47301344782557,0.00134838810479393
"GTAGTCCACGCTGTAAACGATGTGTGCTGGATGTTGGGCAGCCTAGCTGTTCAGTGTCGTAGCTAACGCGATAAGCACACCGCCTGGGGAGTACGGCCGCAAGGTTGAAACTCAAAGGAATTGACGGGGGCCCGCACAAGCGGTGGAGCATGTGGTTTAATTCGAAGCAACGCGCAGAACCTTACCAGGGCTTGACATGGGGAGGCTGTAGTCAGAGATGGCTATTTCCCGCAAGGGACCTCCTGCACAGGTGCTGCATGGCTGTCGTCAGCTCGTGTCGTGAGATGTTGGGTTAAGTCCCG","SiteC",-1.33924589735548,0.00177362081451867
"GTAGTCCATGCCGTAAACGTTGGGAACTAGATGTAGGGGCCATTCCACGGTTTCTGTGTCGCAGCTAACGCATTAAGTTCCCCGCCTGGGGAGTACGGCCGCAAGGCTAAAACTCAAAGGAATTGACGGGGGCCCGCACAAGCGGCGGAGCATGCGGATTAATTCGATGCAACGCGAAGAACCTTACCAAGGCTTGACATATACCGGAAACGTCCAGAGATGGTCGCCCCGCAAGGTCGGTATACAGGTGGTGCATGGTTGTCGTCAGCTCGTGTCGTGAGATGTTGGGTTAAGTCCCG","SiteB",-1.37626349050098,0.00225187856078873
"GTAGTCCACGCCGTAAACGATGAGTACTAGGTGTCGGGGGTTACCCCCCTCGGTGCCGCAGCTAACGCATTAAGTACTCCGCCTGGGGAGTACGCTCGCAAGAGTGAAACTCAAAGGAATTGACGGGGACCCGCACAAGTAGCGGAGCATGTGGTTTAATTCGAAGCAACGCGAAGAACCTTACCTAAGCTTGACATCCTTTTGACCGATGCCTAATCGCATCTTTCCCTTCGGGGACAGAAGTGACAGGTGGTGCATGGTTGTCGTCAGCTCGTGTCGTGAGATGTTGGGTTAAGTCCCG","(Intercept)",-0.70210372127102,0.00243990552787315
"GTAGTCCACGCCGTAAACGTTGGGAACTAGATGTGGGGTCCATTCCACGGATTCCGTGTCGCAGCTAACGCATTAAGTTCCCCGCCTGGGGAGTACGGCCGCAAGGCTAAAACTCAAAGGAATTGACGGGGGCCCGCACAAGCGGCGGAGCATGCGGATTAATTCGATGCAACGCGAAGAACCTTACCAAGGCTTGACATGCACCTGAAAAGGCTGGAAACAGTCTCCTCGCAAGACAGGTGCACAGGTGGTGCATGGTTGTCGTCAGCTCGTGTCGTGAGATGTTGGGTTAAGTCCCG","SiteB",-1.45256371327598,0.00316874325463001
"GTAGTCCACGCCTTAAACGATGAATGCTAGCCGTTGGTCAGCTTGCTGATCCGTGGCGCCGTTAACACATTAAGCATTCCGCCTGGGGAGTACGGTCGCAAGATTAAAACTCAAAGGAATTGACGGGGGCCCGCACAAGCGGTGGAGCATGTGGTTTAATTCGAAGCAACGCGCAGAACCTTACCAGCTTTTGACATGTCCGGTATGGTTTCCAGAGATGGGATCCTTCAGTTCGGCTGGCCGGAACACAGGTGCTGCATGGCTGTCGTCAGCTCGTGTCGTGAGATGTTGGGTTAAGTCCCG","SiteB",-1.5248760344257,0.00331187887004681
"GTAGTCCACGCCGTAAACGATGGGCACTAGGTGTGGGAGGTGTCGACTCCTCCCGTGCCGTCGCTAACGCACTAAGTGCCCCGCCTGGGGAGTACGGCCGCAAGGCTAAAACTCAAAGGAATTGACGGGGGCCCGCACAAGCAGCGGAGCATGTGGTTTAATTCGACGCAACGCGAAGAACCTTACCTGGGCTTGACATGTTGGTGACCGCCGTGGAAACACGGTTTTCCTTCGGGACACCATCACAGGTGGTGCATGGCTGTCGTCAGCTCGTGTCGTGAGATGTTGGGTTAAGTCCCG","SiteC",-1.17237731122127,0.00366166613264976
"GTAGTCCATGCCGTAAACGATGATTACTGGCTGTATGTGTTCTAACATGTGTGGCTGAGCGAAAGCGTTAAGTAATCCACCTGGGGAGTACGCTGGCAACAGTGAAACTCAAAGGAATTGACGGGGGTCCGCACAAGCGGTGGAGCATGTGGTTTAATTCGATGATACGCGAGGAACCTTACCTGGGCTAGAATGTGCGTGAAGGTATCAGAAATGGTGCCGTGTAGCAATACACACAAAACAAGGTGCTGCATGGCTGTCGTCAGCTCGTGCCGTGAGGTGTTGGGTTAAGTCCCG","SiteC",-1.46582490264055,0.00412028062701493
"GTAGTCCACGCTGTAAACGTTGGGCGCTAGGTGTGGGGGACCTCTCCGGTTCTCTGTGCCGCAGCTAACGCATTAAGCGCCCCGCCTGGGGAGTACGGCCGCAAGGCTAAAACTCAAAGGAATTGACGGGGGCCCGCACAAGCGGCGGAGCATGCGGATTAATTCGATGCAACGCGAAGAACCTTACCTGGGTTTGACATCGCCGGAAAACTCGCAGAGATGTGGGGTCCTTCGGGGCCGGTGACAGGTGGTGCATGGCTGTCGTCAGCTCGTGTCGTGAGATGTTGGGTTAAGTCCCG","SiteC",-1.20278640747526,0.0043717888459197
"GTAGTCCACGCCGTAAACGATGGGTGCTAGGTGTGGGCGGTGTCGACTCCGTCCGTGCCGAAGCTAACGCATTAAGCACCCCGCCTGGGGAGTACGGCCGCAAGGCTAAAACTCAAAGGAATTGACGGGGGCCCGCACAAGCAGCGGAGCATGTGGTTCAATTCGACGCAACGCGAAGAACCTTACCTAGGCTTGACATGCACTGGAATTGCATAGAAATATGTAAGCCCTTCGGGGCTAGTGCACAGGTGGTGCATGGCTGTCGTCAGCTCGTGTCGTGAGATGTTGGGTTAAGTCCCG","(Intercept)",0.975269766140892,0.00446404966278845
"GTAGTCCATGCCGTAAACGTTGGGAACTAGATGTAGGGGCCATTCCACGGTTTCTGTGTCGCAGCTAACGCATTAAGTTCCCCGCCTGGGGAGTACGGCCGCAAGGCTAAAACTCAAAGGAATTGACGGGGGCCCGCACAAGCGGCGGAGCATGCGGATTAATTCGATGCAACGCGAAGAACCTTACCAAGGCTTGACATATACGAGAACGGGCTAGAAATAGTCAACTCTTTGGACACTCGTAAACAGGTGGTGCATGGTTGTCGTCAGCTCGTGTCGTGAGATGTTGGGTTAAGTCCCG","SiteC",-1.05378464778107,0.0053182373274796
"GTAGTCCATGCCGTAAACGTTGGGAACTAGATGTAGGGGCCATTCCACGGTTTCTGTGTCGCAGCTAACGCATTAAGTTCCCCGCCTGGGGAGTACGGCCGCAAGGCTAAAACTCAAAGGAATTGACGGGGGCCCGCACAAGCGGCGGAGCATGCGGATTAATTCGATGCAACGCGAAGAACCTTACCAAGGCTTGACATACACCAGAAACGGCTAGAAATAGTCGCCCCGCAAGGTTGGTGTACAGGTGGTGCATGGTTGTCGTCAGCTCGTGTCGTGAGATGTTGGGTTAAGTCCCG","SiteC",-1.14471489852875,0.0057324956666709
"GTAGTCCACGCCGTAAACGATGTACGCTCGGCATTTGGTGCGGCAACCGCCGCGCTGGGTGCCTCAGCTAACGCGCAAGCGTACCGCCTGGGAACTACGAGCGCAAGCTTAAAACTCAAAGGAATTGACGGGGGCCCGCACAAGCAGCGGAGCGTGTGGTTTAATTCGACGCAACACGCAGAACCTCACCCAGACTTGACATGTGCCTGCAGGCCCGCGAAATCGGGCGGCCTTCGAGGGTGGCACACAGATGCTGCATGGCTGTCGTCAGCTCGTGTCGTGAGATGTTGGGTTAAGTCCCG","(Intercept)",0.88422814010695,0.0057345477505892
"GTAGTCCATGCCGTAAACGTTGGGAACTAGATGTAGGGGCCATTCCACGGTTTCTGTGTCGCAGCTAACGCATTAAGTTCCCCGCCTGGGGAGTACGGCCGCAAGGCTAAAACTCAAAGGAATTGACGGGGGCCCGCACAAGCGGCGGAGCATGCGGATTAATTCGATGCAACGCGAAGAACCTTACCAAGGCTTGACATACACCAGAAACGGCTAGAAATAGTCGCCCCGCAAGGTTGGTGTACAGGTGGTGCATGGTTGTCGTCAGCTCGTGTCGTGAGATGTTGGGTTAAGTCCCG","(Intercept)",0.8586806866868,0.00618842087574458
"GTAGTCCACGCCGTAAACGATGGATACTCGCTGCGAGCTAAAGATTGTTCGTGGCTTAGGGAAACCGATAAGTATCCCACCTGGGGAGTACGCTCGCAAGAGTGAAACTCAAAGGAATTGACGGGGGCCCGCACAAGTGGTGGAGCATGTGGTTTAATTCGATGATACGCGAGGAACCTTACCTAGGCTAGAATGCGCGTGACCGGCTCAGAGATGAGCTTTTCCTTCGGGACACAAAGCAAGGTGCTGCATGGCCGTCGTCAGCTCGTGCCGTGAGGTGTTGGGTTAAGTCCCG","SiteC",1.00809060879519,0.00757892257481345
"GTAGTCCATGCCGTAAACGTTGGGAACTAGATGTGGGGACCATTCCACGGTCTCCGTGTCGCAGCTAACGCATTAAGTTCCCCGCCTGGGGAGTACGGCCGCAAGGCTAAAACTCAAAGGAATTGACGGGGGCCCGCACAAGCGGCGGAGCATGCGGATTAATTCGATGCAACGCGAAGAACCTTACCAAGGCTTGACATATACCGGAAACATGCAGAGATGTGTGCCCCGCAAGGTCGGTATACAGGTGGTGCATGGTTGTCGTCAGCTCGTGTCGTGAGATGTTGGGTTAAGTCCCG","(Intercept)",-0.635449150437785,0.00822932167800981
"GTAGTCCACGCCGTAAACGGTGGGCGCTAGGTGTGGGTTTCCTTCCACGGGATCCGTGCCGTAGCTAACGCATTAAGCGCCCCGCCTGGGGAGTACGGCCGCAAGGCTAAAACTCAAAGGAATTGACGGGGGCCCGCACAAGCGGCGGAGCATGTGGATTAATTCGATGCAACGCGAAGAACCTTACCTGGGTTTGACATATACCGGACGACTGCAGAGATGTGGTTTCCCTTGTGGTCGGTATACAGGTGGTGCATGGCTGTCGTCAGCTCGTGTCGTGAGATGTTGGGTTAAGTCCCG","SiteB",1.3361939971767,0.00946451329875408
"GTAGTCCATGCCGTAAACGGTGGGCGCTAGGTGTAGGGGACTTCCACGTCTTCTGTGCCGCAGCTAACGCATTAAGCGCCCCGCCTGGGGAGTACGGCCGCAAGGCTAAAACTCAAAGGAATTGACGGGGGCCCGCACAAGCGGCGGAGCATGTGGATTAATTCGATGCAACGCGAAGAACCTTACCTGGGCTTGACATACACCAGATCGCTGCAGAGATGTAGCTTCCCTTGTGGCTGGTGTACAGGTGGTGCATGGTTGTCGTCAGCTCGTGTCGTGAGATGTTGGGTTAAGTCCCG","SiteB",1.27049517437645,0.00977848176962419
"GTAGTCCACGCCCTAAACGATGTCTACTAGTTGTCGGGTTTTAATTAACTTGGTAACGCAGCTAACGCGTGAAGTAGACCGCCTGGGGAGTACGGTCGCAAGATTAAAACTCAAAGGAATTGACGGGGACCCGCACAAGCGGTGGATGATGTGGATTAATTCGATGCAACGCGAAAAACCTTACCTACCCTTGACATGGCAGAAATCCCGGAGAGATTTGGGAGTGCTCGAAAGAGAATCTGCACACAGGTGCTGCATGGCTGTCGTCAGCTCGTGTCGTGAGATGTTGGGTTAAGTCCCG","SiteB",-1.25486233513259,0.0099629073761783
"GTAGTCCACGCCTTAAACGATGAATGCTAGCCGTTGGTCAGCTTGCTGATCCGTGGCGCCGTTAACACATTAAGCATTCCGCCTGGGGAGTACGGTCGCAAGATTAAAACTCAAAGGAATTGACGGGGGCCCGCACAAGCGGTGGAGCATGTGGTTTAATTCGAAGCAACGCGCAGAACCTTACCAGCTTTTGACATGTCCGGTATGGTTTCCAGAGATGGGATCCTTCAGTTCGGCTGGCCGGAACACAGGTGCTGCATGGCTGTCGTCAGCTCGTGTCGTGAGATGTTGGGTTAAGTCCCG","SiteC",1.18226342424898,0.010058518064229
"GTAGTCCATGCCGTAAACGTTGGGCGCTAGATGTAGGGACCTTTCCACGGTTTCTGTGTCGTAGCTAACGCATTAAGCGCCCCGCCTGGGGAGTACGGCCGCAAGGCTAAAACTCAAAGGAATTGACGGGGGCCCGCACAAGCGGCGGAGCATGCGGATTAATTCGATGCAACGCGAAGAACCTTACCAAGGCTTGACATACACCGGAAACGGCCAGAGATGGTCGCCCCCTTGTGGTCGGTGTACAGGTGGTGCATGGTTGTCGTCAGCTCGTGTCGTGAGATGTTGGGTTAAGTCCCG","SiteB",1.41104722734434,0.0146334869310144
"GTAGTCCACACCCTAAACGATGTACGTTGGATGACGGTCGGATGCGATCGTTGTCGAAGTTAACGCGATAAACGTACCGCCTGGGAAGTACGGCCGCAAGGTTGAAACTCAAAGGAATTGACGGGGGCCCGCACAAGCGGTGGAGCATGTGGTTTAATTCGAAGCAACGCGAAGAACCTTACCAGGTCTTGACATCTACAGAACCTTTCAGAGATGAGAGGGTGCCTTTCGGGGAACTGTAAGACAGGTGCTGCATGGCTGTCGTCAGCTCGTGTCGTGAGATGTTGGGTTAAGTCCCG","SiteB",-1.44706240956435,0.0157534022945477
"GTAGTCCACGCTGTAAACGATGTGCGCTGGATGTTGGGTGACCTAGTCACTCAGTGTCGTAGCTAACGCGGTAAGCGCACCGCCTGGGGAGTACGGCCGCAAGGTTGAAACTCAAAGGAATTGACGGGGGCCCGCACAAGCGGTGGAGCATGTGGTTTAATTCGAAGCAACGCGCAGAACCTTACCAGGGCTTGACATGGGTAGGACCGATCCAGAGATGGATTTTCCCGCAAGGGCCTACTGCACAGGTGCTGCATGGCTGTCGTCAGCTCGTGTCGTGAGATGTTGGGTTAAGTCCCG","(Intercept)",0.733214371383877,0.0162306264034896
"GTAGTCCACGCTGTAAACGATGTGCGCTGGATGTTGGGACACCTAGTGTTTCAGTGTCGTAGCTAACGCGGTAAGCGCACCGCCTGGGGAGTACGGCCGCAAGGTTGAAACTCAAAGGAATTGACGGGGGCCCGCACAAGCGGTGGAGCATGTGGTTTAATTCGAAGCAACGCGCAGAACCTTACCAGGGCTTGACATGGATAGGCTGTAGTCAGAGATGGCTATTTCCCGCGAGGGACCTATTGCACAGGTGCTGCATGGCTGTCGTCAGCTCGTGTCGTGAGATGTTGGGTTAAGTCCCG","SiteB",-1.23452598836825,0.0169587680187859
"GTAGTCCACACCGTAAACGTTGGGCGCTAGGTGTGGGGTCCATTCCACGGATTCCGTGCCGCAGCTAACGCATTAAGCGCCCCGCCTGGGGAGTACGGCCGCAAGGCTAAAACTCAAAGGAATTGACGGGGGCCCGCACAAGCGGCGGAGCATGCGGATTAATTCGATGCAACGCGAAGAACCTTACCTGGGTTTGACATACACCCTGCCGCTCCAGAGATGGGGCTTCTTTTGGGGGTGTACAGGTGGTGCATGGCTGTCGTCAGCTCGTGTCGTGAGATGTTGGGTTAAGTCCCG","SiteC",-1.03654908808056,0.0199761796209638
"GTAGTCCACGCCCTAAACGATGTCTACTAGTTGTCGGGTTTTAATTAACTTGGTAACGCAGCTAACGCGTGAAGTAGACCGCCTGGGGAGTACGGTCGCAAGATTAAAACTCAAAGGAATTGACGGGGACCCGCACAAGCGGTGGATGATGTGGATTAATTCGATGCAACGCGAAAAACCTTACCTACCCTTGACATGGCAGAAATCCCGGAGAGATTTGGGAGTGCTCGAAAGAGAATCTGCACACAGGTGCTGCATGGCTGTCGTCAGCTCGTGTCGTGAGATGTTGGGTTAAGTCCCG","(Intercept)",0.659966393253772,0.0287218964745264
"GTAGTCCACGCCGTAAACGATGAATGCCAGCTGTTGGGGTGCTTGCACCTCAGTAGCGCAGCTAACGCATTAAGCATTCCGCCTGGGGAGTACGGTCGCAAGATTAAAACTCAAAGGAATTGACGGGGGCCCGCACAAGCGGTGGAGCATGTGGTTTAATTCGAAGCAACGCGCAGAACCTTACCATCCTTTGACATGGCATGTTACCCAGAGAGATTTGGGATCCTCTTCGGAGGCGTGCACACAGGTGCTGCATGGCTGTCGTCAGCTCGTGTCGTGAGATGTTGGGTTAAGTCCCG","(Intercept)",0.934796006760049,0.0289573421586994
"GTAGTCCACGCTGTAAACGATGTGCGCTGGATGTTGGGTGACCTAGTCACTCAGTGTCGTAGCTAACGCGGTAAGCGCACCGCCTGGGGAGTACGGCCGCAAGGTTGAAACTCAAAGGAATTGACGGGGGCCCGCACAAGCGGTGGAGCATGTGGTTTAATTCGAAGCAACGCGCAGAACCTTACCAGGGCTTGACATGGGTAGGACCGATCCAGAGATGGATTTTCCCGCAAGGGCCTACTGCACAGGTGCTGCATGGCTGTCGTCAGCTCGTGTCGTGAGATGTTGGGTTAAGTCCCG","SiteB",-1.13365756038589,0.0292770321436746
"GTAGTCCACGCCGTAAACGATGAATACTTGGTGTTGGAGGTATTGACCCCTTCAGTGCCGAAGCTAACGCGTTAAGTATTCCGCCTGGGAAGTACGGCCGCAAGGTTAAAACTCAAAGAAATTGACGGGGGCCCGCACAAGCGGTGGAGCATGTGGTTTAATTCGATGCAACGCGCAGAACCTTACCTAGATTTGACATGGACCGGAAGACTGGCAGAAATGTCGTCGCCCGCAAGGGCTGGTTCACAGGTGCTGCATGGCTGTCGTCAGCTCGTGTCGTGAGATGTTGGGTTAAGTCCCG","SiteB",-1.17196049772644,0.0343917036030852
"GTAGTCCATGCCGTAAACGTTGGGCGCTAGGTGTGGGGTCCATTCCACGGATTCCGTGCCGCAGCTAACGCATTAAGCGCCCCGCCTGGGGAGTACGGCCGCAAGGCTAAAACTCAAAGGAATTGACGGGGGCCCGCACAAGCGGTGGAGCATGTGGTTTAATTCGAAGCAACGCGAAGAACCTTACCAGGTCTTGACATCCTCTGAAAACCCTAGAGATAGGGCTTCTCCTTCGGGAGCAGAGTGACAGGTGGTGCATGGTTGTCGTCAGCTCGTGTCGTGAGATGTTGGGTTAAGTCCCG","SiteB",-1.0963487451398,0.036668433075651
"GTAGTCCACGCCGTAAACGATGAATGCTAGGTGTTAGGGGTTTCGATACCCTTGGTGCCGAAGTTAACACATTAAGCATTCCGCCTGGGGAGTACGGTCGCAAGACTGAAACTCAAAGGAATTGACGGGGACCCGCACAAGCAGTGGAGTATGTGGTTTAATTCGAAGCAACGCGAAGAACCTTACCAAGTCTTGACATCCCTTTGACCGGACTAGAGATAGTCTTTTCCTTCGGGACAAAGGAGACAGGTGGTGCATGGTTGTCGTCAGCTCGTGTCGTGAGATGTTGGGTTAAGTCCCG","SiteC",1.16354432141126,0.0371082343356277
"GTAGTCCACGCCCTAAACGATGTCAACTGGTTGTTGGGAGGGTTTCTTCTCAGTAACGTAGCTAACGCGTGAAGTTGACCGCCTGGGGAGTACGGCCGCAAGGTTGAAACTCAAAGGAATTGACGGGGACCCGCACAAGCGGTGGATGATGTGGTTTAATTCGATGCAACGCGAAAAACCTTACCTACCCTTGACATGCCAGGAACTGATCAGAGATGGTTGGGTGCTCGAAAGAGAGCCTGGACACAGGTGCTGCATGGCCGTCGTCAGCTCGTGTCGTGAGATGTTGGGTTAAGTCCCG","(Intercept)",0.638251056153053,0.0405305511533299
"GTAGTCCACGCCGTAAACTATGGATGCTAGCTGTCGGGGGTATCGACCCCCTCGGTAGCGAAGCTAACGCGTTAAGCATCCCACCTGTGGAGTACGAGCGCAAGCTTAAAACATAAAGGAATTGACGGGGACCCGCACAAGCGGTGGATCATGTTCTTTAATTCGATGATAAACGAAGAACCTTACCAGGGTTTGACATCCTTGGAATCTTAGCGAAAGCTAGGAGTGCTTTATTGAGCCAAGTGACAGGTGATGCATGGCCGTCGTCAGCTCGTGTCGTGAGATGTTTGGTTAAGTCCAT","SiteC",-1.08563428682108,0.0487588742717967
